Table,Rows,Columns,Has_Diagnosis,Critical
Novel_Imaging_Cohort_Study_ADAS_05Aug2025,12589,16,False,False
Novel_Imaging_Cohort_Study_ADDCOMM_05Aug2025,6229,16,False,False
Novel_Imaging_Cohort_Study_ADI_05Aug2025,1128,18,False,False
Novel_Imaging_Cohort_Study_ADSXLIST_05Aug2025,4884,39,False,False
Novel_Imaging_Cohort_Study_ADVERSE_05Aug2025,3694,88,False,False
Novel_Imaging_Cohort_Study_All_Images_05Aug2025,100496,13,False,False
Novel_Imaging_Cohort_Study_AMAS_05Aug2025,863,58,False,False
Novel_Imaging_Cohort_Study_AMNART_05Aug2025,881,67,False,False
Novel_Imaging_Cohort_Study_AMYDISC_05Aug2025,467,33,False,False
Novel_Imaging_Cohort_Study_AMYMETA_05Aug2025,2715,38,False,False
Novel_Imaging_Cohort_Study_AMYQC_05Aug2025,2552,27,False,False
Novel_Imaging_Cohort_Study_AMYREAD_05Aug2025,654,23,False,False
Novel_Imaging_Cohort_Study_ANTIAMYTX_05Aug2025,6,20,False,False
Novel_Imaging_Cohort_Study_APOERES_05Aug2025,2542,16,False,False
Novel_Imaging_Cohort_Study_ARM_05Aug2025,3074,14,True,False
Novel_Imaging_Cohort_Study_AV45META_05Aug2025,3399,51,False,False
Novel_Imaging_Cohort_Study_AV45QC_05Aug2025,2705,38,False,False
Novel_Imaging_Cohort_Study_BACKMEDS_05Aug2025,13000,15,False,False
Novel_Imaging_Cohort_Study_BHR_05Aug2025,1100,13,False,False
Novel_Imaging_Cohort_Study_BIOMARK_05Aug2025,13676,65,False,False
Novel_Imaging_Cohort_Study_BLCHANGE_05Aug2025,14759,29,True,False
Novel_Imaging_Cohort_Study_BLSCHECK_05Aug2025,2202,39,False,False
Novel_Imaging_Cohort_Study_CBBCOMP_05Aug2025,2853,13,False,False
Novel_Imaging_Cohort_Study_CCI_05Aug2025,927,33,False,False
Novel_Imaging_Cohort_Study_CDR_05Aug2025,13250,25,False,False
Novel_Imaging_Cohort_Study_CLIELG_05Aug2025,5625,15,False,False
Novel_Imaging_Cohort_Study_CONSENTS_05Aug2025,1330,23,False,False
Novel_Imaging_Cohort_Study_CSFMETH_05Aug2025,1165,19,False,False
Novel_Imaging_Cohort_Study_CSSRSAD_05Aug2025,260,18,False,False
Novel_Imaging_Cohort_Study_Diffusion_MRI_Images_05Aug2025,28147,21,False,False
Novel_Imaging_Cohort_Study_DTIROI_MEAN_05Aug2025,1533,309,False,False
Novel_Imaging_Cohort_Study_DTIROI_ROBUSTMEAN_05Aug2025,1533,309,False,False
Novel_Imaging_Cohort_Study_DXSUM_05Aug2025,14770,41,True,False
Novel_Imaging_Cohort_Study_EBISU_05Aug2025,992,15,False,False
Novel_Imaging_Cohort_Study_ECOG12PT_05Aug2025,960,31,False,False
Novel_Imaging_Cohort_Study_ECOG12SP_05Aug2025,939,28,False,False
Novel_Imaging_Cohort_Study_ECOGPT_05Aug2025,8088,62,False,False
Novel_Imaging_Cohort_Study_ECOGSP_05Aug2025,8102,59,False,False
Novel_Imaging_Cohort_Study_EXCLUSIO_05Aug2025,845,22,False,False
Novel_Imaging_Cohort_Study_FAMHXPAR_05Aug2025,1763,24,False,False
Novel_Imaging_Cohort_Study_FAMHXSIB_05Aug2025,5162,22,False,False
Novel_Imaging_Cohort_Study_FAQ_05Aug2025,12968,27,False,False
Novel_Imaging_Cohort_Study_FCI_05Aug2025,2622,69,False,False
Novel_Imaging_Cohort_Study_FHQ_05Aug2025,2106,18,False,False
Novel_Imaging_Cohort_Study_FNIHBC_BLOOD_BIOMARKER_TRAJECTORIES_05Aug2025,24154,20,False,False
Novel_Imaging_Cohort_Study_FOXLABBSI_05Aug2025,4874,28,False,False
Novel_Imaging_Cohort_Study_Functional_MRI_Images_05Aug2025,17322,19,False,False
Novel_Imaging_Cohort_Study_GDSCALE_05Aug2025,12147,32,False,False
Novel_Imaging_Cohort_Study_GENETIC_05Aug2025,9504,57,False,False
Novel_Imaging_Cohort_Study_IES_05Aug2025,421,29,False,False
Novel_Imaging_Cohort_Study_INCLUSIO_05Aug2025,845,38,False,False
Novel_Imaging_Cohort_Study_INITHEALTH_05Aug2025,26556,24,False,False
Novel_Imaging_Cohort_Study_JANSSEN_PLASMA_P217_TAU_05Aug2025,130,9,False,False
Novel_Imaging_Cohort_Study_Key_MRI_05Aug2025,39856,23,False,False
Novel_Imaging_Cohort_Study_Key_PET_05Aug2025,1530,8,True,False
Novel_Imaging_Cohort_Study_LABDATA_05Aug2025,1841,132,False,False
Novel_Imaging_Cohort_Study_LABTESTS_05Aug2025,4090,21,False,False
Novel_Imaging_Cohort_Study_LOCLAB_05Aug2025,8273,22,False,False
Novel_Imaging_Cohort_Study_MEDHIST_05Aug2025,2423,39,False,False
Novel_Imaging_Cohort_Study_MMSE_05Aug2025,12906,58,False,False
Novel_Imaging_Cohort_Study_MOCA_05Aug2025,8683,58,False,False
Novel_Imaging_Cohort_Study_MODHACH_05Aug2025,2636,21,False,False
Novel_Imaging_Cohort_Study_MRI3META_05Aug2025,8883,42,False,False
Novel_Imaging_Cohort_Study_MRIFind_05Aug2025,672,41,False,False
Novel_Imaging_Cohort_Study_MRIMETA_05Aug2025,4716,35,False,False
Novel_Imaging_Cohort_Study_MRINCLUSIO_05Aug2025,9754,38,False,False
Novel_Imaging_Cohort_Study_MRINFQ_05Aug2025,672,46,False,False
Novel_Imaging_Cohort_Study_MRI_Images_with_AI_05Aug2025,51600,8,False,False
Novel_Imaging_Cohort_Study_NEUROBAT_05Aug2025,15698,83,False,False
Novel_Imaging_Cohort_Study_NEUROEXM_05Aug2025,4285,28,False,False
Novel_Imaging_Cohort_Study_NEUROPATH_05Aug2025,121,164,True,False
Novel_Imaging_Cohort_Study_NPIQ_05Aug2025,7246,41,False,False
Novel_Imaging_Cohort_Study_NPI_05Aug2025,7924,168,False,False
Novel_Imaging_Cohort_Study_NPSTATUS_05Aug2025,10812,22,False,False
Novel_Imaging_Cohort_Study_PEDQCV_05Aug2025,977,33,False,False
Novel_Imaging_Cohort_Study_PETC3_05Aug2025,434,24,False,False
Novel_Imaging_Cohort_Study_PETMETA3_05Aug2025,700,31,False,False
Novel_Imaging_Cohort_Study_PETMETA_ADNI1_05Aug2025,1957,104,False,False
Novel_Imaging_Cohort_Study_PETMETA_ADNIGO2_05Aug2025,3375,51,False,False
Novel_Imaging_Cohort_Study_PETQC_05Aug2025,3949,38,False,False
Novel_Imaging_Cohort_Study_PET_Images_05Aug2025,11591,24,True,False
Novel_Imaging_Cohort_Study_PHYSICAL_05Aug2025,4286,28,False,False
Novel_Imaging_Cohort_Study_POSAMYDISC_05Aug2025,415,27,False,False
Novel_Imaging_Cohort_Study_PREAMYDISC_05Aug2025,594,24,False,False
Novel_Imaging_Cohort_Study_PSS_05Aug2025,980,26,False,False
Novel_Imaging_Cohort_Study_PTDEMOG_05Aug2025,4379,84,True,False
Novel_Imaging_Cohort_Study_PUBLICITY_05Aug2025,994,22,False,False
Novel_Imaging_Cohort_Study_RECADV_05Aug2025,19357,38,False,False
Novel_Imaging_Cohort_Study_RECBLLOG_05Aug2025,11715,20,False,False
Novel_Imaging_Cohort_Study_RECCMEDS_05Aug2025,67885,30,False,False
Novel_Imaging_Cohort_Study_RECFHQ_05Aug2025,5308,15,False,False
Novel_Imaging_Cohort_Study_RECMHIST_05Aug2025,25368,16,False,False
Novel_Imaging_Cohort_Study_RORR_05Aug2025,34,28,False,False
Novel_Imaging_Cohort_Study_RURALITY_05Aug2025,1129,19,False,False
Novel_Imaging_Cohort_Study_RYFF_05Aug2025,653,28,False,False
Novel_Imaging_Cohort_Study_STAIAD_05Aug2025,259,21,False,False
Novel_Imaging_Cohort_Study_Structural_MRI_Images_05Aug2025,43436,23,False,False
Novel_Imaging_Cohort_Study_Study_Entry_05Aug2025,3138,5,False,False
Novel_Imaging_Cohort_Study_TAUMETA_05Aug2025,2814,39,False,False
Novel_Imaging_Cohort_Study_UCBERKELEY_AMY_6MM_05Aug2025,717,344,False,False
Novel_Imaging_Cohort_Study_UCBERKELEY_TAUPVC_6MM_05Aug2025,278,335,False,False
Novel_Imaging_Cohort_Study_UCBERKELEY_TAU_6MM_05Aug2025,296,339,False,False
Novel_Imaging_Cohort_Study_UCD_WMH_05Aug2025,1583,27,False,False
Novel_Imaging_Cohort_Study_UCSFFSX7_05Aug2025,2633,347,False,False
Novel_Imaging_Cohort_Study_UPENNBIOMK_ROCHE_ELECSYS_05Aug2025,3172,13,False,False
Novel_Imaging_Cohort_Study_URMC_LABDATA_05Aug2025,100780,28,False,False
Novel_Imaging_Cohort_Study_VITALS_05Aug2025,15696,26,False,False
Novel_Imaging_Cohort_Study_WATC_05Aug2025,792,58,False,False
